tiempo,Theta1,Theta2
0.015,0,0
0.03,1.32923956067081,-1.87438372940074
0.045,2.65847912134161,-3.74876745880148
0.06,3.98771868201242,-5.62315118820222
0.075,5.31695824268322,-7.49753491760296
0.09,6.64619780335403,-9.3719186470037
0.105,7.97543736402483,-11.2463023764044
0.12,9.30467692469564,-13.1206861058052
0.135,10.6339164853664,-14.9950698352059
0.15,11.9631560460372,-16.8694535646067
0.165,13.2923956067081,-18.7438372940074
0.18,14.6216351673789,-20.6182210234081
0.195,15.9508747280497,-22.4926047528089
0.21,17.2801142887205,-24.3669884822096
0.225,18.6093538493913,-26.2413722116104
0.24,19.9385934100621,-28.1157559410111
0.255,21.2678329707329,-29.9901396704118
0.27,22.5970725314037,-31.8645233998126
0.285,23.9263120920745,-33.7389071292133
0.3,25.2555516527453,-35.6132908586141
0.315,26.5847912134161,-37.4876745880148
0.33,27.9140307740869,-39.3620583174155
0.345,29.2432703347577,-41.2364420468163
0.36,30.5725098954285,-43.110825776217
0.375,31.9017494560993,-44.9852095056178
0.39,33.2309890167701,-46.8595932350185
0.405,34.5602285774409,-48.7339769644192
0.42,35.8894681381117,-50.60836069382
0.435,37.2187076987826,-52.4827444232207
0.45,38.5479472594534,-54.3571281526215
0.465,39.8771868201242,-56.2315118820222
0.48,41.206426380795,-58.1058956114229
0.495,42.5356659414658,-59.9802793408237
0.51,43.8649055021366,-61.8546630702244
0.525,45.1941450628074,-63.7290467996252
0.54,46.5233846234782,-65.6034305290259
0.555,47.852624184149,-67.4778142584266
0.57,49.1818637448198,-69.3521979878274
0.585,50.5111033054906,-71.2265817172281
0.6,51.8403428661614,-73.1009654466288
0.615,53.1695824268322,-74.9753491760296
0.63,54.498821987503,-76.8497329054303
0.645,55.8280615481738,-78.7241166348311
0.66,57.1573011088446,-80.5985003642318
0.675,58.4865406695154,-82.4728840936326
0.69,59.8157802301862,-84.3472678230333
0.705,61.145019790857,-86.221651552434
0.72,62.4742593515279,-88.0960352818348
0.735,63.8034989121987,-89.9704190112355
0.75,65.1327384728695,-91.8448027406363
0.765,65.1327384728695,-91.8448027406363
0.78,65.166720376574,-91.8324849095508
0.795,65.2012554392095,-91.820990576486
0.81,65.2363412999957,-91.8103220357405
0.825,65.2719756202676,-91.800481612299
0.84,65.3081560832328,-91.7914716632714
0.855,65.3448803937948,-91.7832945794565
0.87,65.3821462784437,-91.7759527870348
0.885,65.4535502286352,-91.7566699023866
0.9,65.5265619998249,-91.7398143324393
0.915,65.6011740555556,-91.725395512816
0.93,65.6773790033328,-91.7134230501267
0.945,65.7551695928197,-91.7039067312319
0.96,65.8345387145546,-91.6968565334426
0.975,65.9154793991976,-91.6922826357009
0.99,65.9979848173174,-91.69019543079
1.005,66.0820482797286,-91.6906055386277
1.02,66.1676632383964,-91.693523820702
1.035,66.254823287923,-91.6989613957131
1.05,66.3435221676387,-91.7069296564948
1.065,66.4337537643186,-91.7174402882903
1.08,66.5255121155516,-91.7305052884705
1.095,66.6187914137919,-91.7461369877856
1.11,66.7135860111258,-91.7643480732553
1.125,66.8098904247914,-91.7851516128072
1.14,66.9076993434934,-91.8085610817884
1.155,67.0070076345597,-91.834590391485
1.17,67.1078103519918,-91.8632539197975
1.185,67.2101027454674,-91.8945665442361
1.2,67.3138802703605,-91.928543677415
1.215,67.4191385988495,-91.965201305244
1.23,67.5258736321949,-92.0045560280341
1.245,67.6340815142752,-92.0466251047605
1.26,67.7437586464794,-92.0914265007455
1.275,67.8549017040683,-92.138978939059
1.29,67.9675076541254,-92.1893019559603
1.305,68.0815737752366,-92.2424159607452
1.32,68.1970976790508,-92.298342300399
1.335,68.3140773338938,-92.3571033295048
1.35,68.4325110906256,-92.4187224859055
1.365,68.5523977109583,-92.4832243726779
1.38,68.6737363984743,-92.5506348470433
1.395,68.7965268326171,-92.6209811169134
1.41,68.9207692059607,-92.6942918458594
1.425,69.0464642651023,-92.7705972673869
1.44,69.1736133555694,-92.8499293095162
1.455,69.3022184711831,-92.9323217307956
1.47,69.4322823083814,-93.0178102690259
1.485,69.5638083260738,-93.1064328041473
1.5,69.6968008116798,-93.1982295369426
1.515,69.8312649540998,-93.2932431854425
1.53,69.9672069244747,-93.3915192011932
1.545,70.1046339657189,-93.4931060078655
1.56,70.2435544919673,-93.5980552650593
1.575,70.3839781992485,-93.7064221606011
1.59,70.5259161889159,-93.8182657351528
1.605,70.6693811056165,-93.9336492435745
1.62,70.8143872918775,-94.0526405582224
1.635,70.9609509617566,-94.175312620253
1.65,71.1090903964332,-94.3017439460708
1.665,71.2588261651472,-94.4320191973507
1.68,71.4101813755347,-94.566229824634
1.695,71.5631819581946,-94.7044747964164
1.71,71.7178569912887,-94.8468614280017
1.725,71.874239072174,-94.9935063273109
1.74,72.032364744561,-95.1445364784574
1.755,72.192274991564,-95.3000904884456
1.77,72.3540158073764,-95.4603200280756
1.785,72.5176388633236,-95.6253915054304
1.8,72.6832022879207,-95.7954880196657
1.815,72.8507715855874,-95.9708116549237
1.83,73.0204207252534,-96.1515861900021
1.845,73.1922334387913,-96.3380603202899
1.86,73.3663047808653,-96.5305115163752
1.875,73.5427430175732,-96.7292506814677
1.89,73.7216719329518,-96.9346278215161
1.905,73.9032336726705,-97.1470390139304
1.92,74.0875922871469,-97.3669350627634
1.935,74.2749381982956,-97.5948323751669
1.95,74.465493905528,-97.8313268102236
1.965,74.6595213845767,-98.0771115770045
1.98,74.8573318465002,-98.3330007623938
1.995,75.0592988656248,-98.5999608718114
2.01,75.2658764496922,-98.8791540900082
2.025,75.4776245976479,-99.1719992439185
2.04,75.6952466474731,-99.4802605507066
2.055,75.9196460820422,-99.8061820703876
2.07,76.1520173877615,-100.152701868148
2.085,76.3940011753915,-100.523816054271
2.1,76.6479734513504,-100.925254503392
2.115,76.9176583522264,-101.36590501543
2.13,77.2097029816215,-101.861454358118
2.145,77.5403634220694,-102.44972667579
2.16,77.9829632635474,-103.299415855952
2.175,78.2751375050659,-103.815777157397
2.19,78.5133022860654,-104.214430155582
2.205,78.7111518947743,-104.525077060472
2.22,78.8752909545863,-104.761722664516
2.235,79.0094592165094,-104.932069778218
2.25,79.1158996619698,-105.040550589277
2.265,79.1958899604634,-105.089497939338
2.28,79.2499623404424,-105.079626736953
2.295,79.2779593896621,-105.010153120792
2.31,79.2789564317043,-104.878619163197
2.325,79.2510035408181,-104.680318961464
2.34,79.1904987020431,-104.406908589766
2.355,79.0905206918112,-104.04271375507
2.37,78.9337843319834,-103.549127878719
2.385,78.6424667763515,-102.753680074417
2.4,78.4858094837736,-102.253099481074
2.415,78.3675923758561,-101.834330845411
2.43,78.2745637643917,-101.468294158391
2.445,78.2002766622276,-101.140942491622
2.46,78.1409244812144,-100.844042563709
2.475,78.0939781273308,-100.572164154306
2.49,78.0576319200515,-100.321458605987
2.505,78.030531579896,-100.089060482216
2.52,78.0116241466195,-99.8727582089702
2.535,78.0000680443475,-99.6707971954
2.55,77.9951757662829,-99.4817546820352
2.565,77.9963755595105,-99.3044562949583
2.58,78.0031848131725,-99.1379182421618
2.595,78.0151909874717,-98.9813060005425
2.61,78.0320375849687,-98.8339040081243
2.625,78.0534135999374,-98.6950929323189
2.64,78.0790454311024,-98.564332293167
2.655,78.1086905793192,-98.4411469588021
2.67,78.1421326645323,-98.325116497019
2.685,78.1791774349905,-98.2158666705168
2.7,78.2196495343903,-98.1130625661503
2.715,78.2633898559983,-98.0164029869979
2.73,78.3102533570312,-97.9256158325493
2.745,78.3601072379955,-97.8404542607759
2.76,78.4128294143746,-97.7606934752197
2.775,78.4683072246839,-97.6861280163658
2.79,78.5264363312629,-97.6165694633635
2.805,78.5871197794611,-97.5518444722805
2.82,78.6502671879348,-97.4917930923573
2.835,78.7157940482025,-97.4362673134502
2.85,78.7836211158104,-97.3851298069329
2.865,78.8536738787586,-97.3382528294281
2.88,78.9258820914385,-97.2955172643287
2.895,79.0001793643977,-97.2568117805163
2.91,79.0765028019079,-97.2220320912349
2.925,79.1547926806459,-97.1910802989392
2.94,79.2349921638833,-97.1638643142585
2.955,79.3170470464648,-97.1402973391055
2.97,79.4009055265831,-97.1202974055119
2.985,79.4865180009576,-97.1037869630483
3,79.5738368805216,-97.0906925087471
3.015,79.6628164241409,-97.080944254325
3.03,79.7534125882277,-97.0744758262414
3.045,79.8455828904132,-97.071223994747
3.06,79.9392862856837,-97.0711284285953
3.075,80.0344830535968,-97.0741314725375
3.09,80.1311346953703,-97.0801779450891
3.105,80.229203839791,-97.0892149543826
3.12,80.3286541570169,-97.1011917301904
3.135,80.4294502794623,-97.1160594704372
3.15,80.5315577290478,-97.1337712007268
3.165,80.6349428501837,-97.1542816455765
3.18,80.739572747925,-97.1775471102098
3.195,80.845415230801,-97.2035253718857
3.21,80.9524387578762,-97.2321755798576
3.225,81.0606123896467,-97.2634581631555
3.24,81.1699057424193,-97.2973347454721
3.255,81.2802889458568,-97.3337680665097
3.27,81.3917326034046,-97.3727219092114
3.285,81.5042077553433,-97.4141610323622
3.3,81.6176858442371,-97.4580511080933
3.315,81.7321386825687,-97.5043586638743
3.33,81.8475384223738,-97.5530510286148
3.345,81.9638575267025,-97.6040962825361
3.36,82.0810687427541,-97.6574632105049
3.375,82.1991450765427,-97.7131212585496
3.39,82.3180597689646,-97.7710404933069
3.405,82.4377862731513,-97.8311915641676
3.42,82.5582982329978,-97.8935456679139
3.435,82.6795694627685,-97.9580745156553
3.45,82.8015739276901,-98.0247503018907
3.465,82.9242857254461,-98.0935456755363
3.48,83.0476790684962,-98.1644337127755
3.495,83.171728267149,-98.2373878915949
3.51,83.2964077133203,-98.3123820678868
3.525,83.4216918649165,-98.3893904530042
3.54,83.5475552307837,-98.4683875926651
3.555,83.6739723561692,-98.5493483471122
3.57,83.8009178086443,-98.6322478724395
3.585,83.9283661644409,-98.7170616030054
3.6,84.056291995156,-98.8037652348578
3.615,84.1846698547816,-98.8923347101022
3.63,84.3134742670196,-98.9827462021492
3.645,84.4426797128423,-99.0749761017827
3.66,84.5722606182605,-99.1690010039932
3.675,84.702191342265,-99.264797695527
3.69,84.8324461649046,-99.3623431431024
3.705,84.9629992754683,-99.4616144822511
3.72,85.0938247607374,-99.5625890067421
3.735,85.2248965932761,-99.6652441585527
3.75,85.3561886197271,-99.7695575183485
3.765,85.4876745490827,-99.875506796442
3.78,85.6193279408965,-99.9830698241981
3.795,85.751122193407,-100.092224545858
3.81,85.8830305315386,-100.202949010755
3.825,86.0150259947495,-100.315221365896
3.84,86.1470814246917,-100.429019848891
3.855,86.2791694526506,-100.544322781197
3.87,86.4112624867293,-100.66110856167
3.885,86.5433326987407,-100.7793556604
3.9,86.6753520107713,-100.899042612803
3.915,86.8072920813782,-101.020148013973
3.93,86.9391242913773,-101.142650513254
3.945,87.0708197291822,-101.266528809043
3.96,87.2023491756471,-101.391761643787
3.975,87.3336830883683,-101.518327799182
3.99,87.4647915853927,-101.646206091543
4.005,87.5956444282812,-101.775375367351
4.02,87.7262110044689,-101.905814498957
4.035,87.8564603088632,-102.037502380437
4.05,87.9863609246134,-102.170417923589
4.065,88.1158810029815,-102.304540054062
4.08,88.2449882422411,-102.439847707619
4.095,88.3736498655213,-102.57631982651
4.11,88.5018325975085,-102.713935355973
4.125,88.6295026399115,-102.852673240834
4.14,88.7566256455863,-102.992512422222
4.155,88.8831666912081,-103.133431834382
4.17,89.0090902483702,-103.275410401595
4.185,89.1343601529742,-103.418427035185
4.2,89.258939572767,-103.562460630641
4.215,89.3827909728659,-103.707490064823
4.23,89.5058760790951,-103.853494193277
4.245,89.6281558389431,-104.00045184765
4.26,89.7495903799286,-104.148341833206
4.275,89.8701389651419,-104.297142926465
4.29,89.9897599457047,-104.446833872949
4.305,90.1084107098631,-104.597393385056
4.32,90.2260476283978,-104.748800140077
4.335,90.3426259960019,-104.901032778356
4.35,90.4580999682361,-105.054069901614
4.365,90.572422493626,-105.20789007146
4.38,90.6855452404171,-105.362471808099
4.395,90.7974185174447,-105.517793589271
4.41,90.9079911885099,-105.673833849451
4.425,91.0172105795768,-105.830570979332
4.44,91.1250223780226,-105.987983325645
4.455,91.2313705230697,-106.146049191362
4.47,91.3361970864172,-106.304746836322
4.485,91.4394421419567,-106.464054478367
4.5,91.5410436233035,-106.623950295043
4.515,91.6409371676988,-106.78441242597
4.53,91.7390559446295,-106.945418975975
4.545,91.8353304672713,-107.106948019113
4.56,91.9296883845765,-107.268977603731
4.575,92.0220542514936,-107.431485758725
4.59,92.1123492744096,-107.594450501219
4.605,92.2004910284383,-107.75784984588
4.62,92.2863931426162,-107.921661816187
4.635,92.3699649484007,-108.085864457969
4.65,92.4511110860589,-108.250435855653
4.665,92.5297310625635,-108.415354151705
4.68,92.6057187534318,-108.580597569879
4.695,92.6789618395008,-108.746144443007
4.71,92.7493411678631,-108.911973246241
4.725,92.8167300239995,-109.078062636844
4.74,92.8809932994259,-109.244391501924
4.755,92.941986535767,-109.410939015789
4.77,92.9995548218761,-109.577684709101
4.785,93.0535315151621,-109.744608552487
4.8,93.1037367512871,-109.911691058068
4.815,93.149975697349,-110.078913403271
4.83,93.1920364918372,-110.246257582626
4.845,93.2296877990383,-110.413706594924
4.86,93.2626758847173,-110.58124467553
4.875,93.2907210916943,-110.748857586868
4.89,93.3135135552604,-110.916532984679
4.905,93.3307079445194,-111.084260884175
4.92,93.3419169394882,-111.252034259636
4.935,93.3467030437832,-111.419849824944
4.95,93.344568170662,-111.58770906359
4.965,93.3349401957796,-111.755619609239
4.98,93.3171552913819,-111.923597129687
4.995,93.2904342518285,-112.091667951987
5.01,93.2538500192047,-112.259872811019
5.025,93.2062818901383,-112.428272360587
5.04,93.1463487518284,-112.596955565834
5.055,93.0723076609479,-112.766053049092
5.07,92.981891556507,-112.935759504663
5.085,92.8720313112907,-113.106374123115
5.1,92.7383332389925,-113.278380921622
5.115,92.5739535975079,-113.452632538139
5.13,92.3665606992237,-113.63088131318
5.145,92.0857366889218,-113.818135678859
5.16,91.7313249523644,-114.01011250407
5.175,91.5089074078196,-114.163837916655
5.19,91.3505292777141,-114.298395102732
5.205,91.2425710425534,-114.418855250687
5.22,91.178741599435,-114.52803806694
5.235,91.1557967330512,-114.627747995148
5.25,91.1721149286713,-114.71920653418
5.265,91.2271428257954,-114.803233561924
5.28,91.3211825807767,-114.880325810357
5.295,91.4553729468019,-114.950676628997
5.31,91.6318476580779,-115.014144371852
5.325,91.8541632862535,-115.070147759395
5.34,92.1283261907007,-115.11740657106
5.355,92.4656824901898,-115.153216216136
5.37,92.8951553732252,-115.170437062846
5.385,93.4125526330704,-115.168401690388
5.4,93.8121704916732,-115.194015062889
5.415,94.1667026673308,-115.231746988176
5.43,94.4919826759917,-115.278218129519
5.445,94.7959926917525,-115.331665667536
5.46,95.0835151049413,-115.39098971937
5.475,95.3577290090863,-115.455425220633
5.49,95.6208899301976,-115.524402677027
5.505,95.8746719922532,-115.597477901698
5.52,96.1203597001367,-115.674292392887
5.535,96.3589640149728,-115.75454913445
5.55,96.5912967852002,-115.837996900214
5.565,96.8180206766108,-115.924419584353
5.58,97.0396839035403,-116.013628669601
5.595,97.2567451190787,-116.105457743422
5.61,97.4695917038497,-116.199758400805
5.625,97.6785534926995,-116.296397115317
5.64,97.8839132675496,-116.39525280431
5.655,98.0859149071254,-116.496214903202
5.67,98.2847698061283,-116.599181820519
5.685,98.4806619945504,-116.704059682745
5.7,98.6737522659153,-116.810761303145
5.715,98.8641815397009,-116.919205326071
5.73,99.0520736248355,-117.029315510471
5.745,99.2375375096588,-117.141020125035
5.76,99.4206692737635,-117.254251433774
5.775,99.6015536951613,-117.368945255546
5.79,99.7802656099075,-117.485040584526
5.805,99.9568710690611,-117.602479261313
5.82,100.131428328547,-117.721205686396
5.835,100.303988700343,-117.841166569286
5.85,100.474597287865,-117.962310707871
5.865,100.643293624132,-118.084588793498
5.88,100.810112227834,-118.207953238115
5.895,100.97508308977,-118.332358020363
5.91,101.138232099931,-118.457758548078
5.925,101.299581423768,-118.584111535019
5.94,101.459149834795,-118.711374890004
5.955,101.616953009487,-118.8395076169
5.97,101.773003789552,-118.96846972415
5.985,101.927312415822,-119.09822214268
6,102.079886737414,-119.228726651242
6.015,102.230732399254,-119.359945808322
6.03,102.379853010622,-119.491842889899
6.045,102.527250297007,-119.624381832413
6.06,102.672924237227,-119.757527180388
6.075,102.81687318754,-119.891244038223
6.09,102.959093994215,-120.025498025734
6.105,103.099582095843,-120.160255237059
6.12,103.238331616537,-120.295482202596
6.135,103.375335450986,-120.431145853696
6.15,103.510585342236,-120.567213489833
6.165,103.644071952964,-120.703652748021
6.18,103.7757849309,-120.840431574286
6.195,103.905712969023,-120.977518196991
6.21,104.033843861016,-121.114881101862
6.225,104.160164552486,-121.252489008551
6.24,104.284661188341,-121.390310848624
6.255,104.407319156707,-121.528315744835
6.27,104.52812312971,-121.666472991578
6.285,104.647057101426,-121.804752036438
6.3,104.764104423266,-121.943122462726
6.315,104.879247837024,-122.081553972933
6.33,104.992469505821,-122.220016373025
6.345,105.103751043127,-122.358479557514
6.36,105.21307354004,-122.496913495231
6.375,105.32041759098,-122.635288215769
6.39,105.425763317942,-122.773573796516
6.405,105.529090393438,-122.911740350251
6.42,105.630378062251,-123.049758013251
6.435,105.729605162092,-123.187596933863
6.45,105.826750143281,-123.325227261521
6.465,105.921791087519,-123.462619136146
6.48,106.014705725842,-123.599742677923
6.495,106.105471455836,-123.736567977409
6.51,106.194065358161,-123.873065085942
6.525,106.280464212464,-124.009204006333
6.54,106.364644512723,-124.144954683813
6.555,106.446582482079,-124.2802869972
6.57,106.526254087202,-124.415170750275
6.585,106.603635052219,-124.549575663345
6.6,106.678700872259,-124.683471364956
6.615,106.751426826633,-124.816827383753
6.63,106.821787991692,-124.949613140451
6.645,106.889759253368,-125.081797939916
6.66,106.955315319448,-125.21335096331
6.675,107.018430731572,-125.344241260303
6.69,107.079079876999,-125.474437741319
6.705,107.137237000125,-125.603909169799
6.72,107.192876213794,-125.732624154466
6.735,107.245971510387,-125.86055114156
6.75,107.296496772698,-125.987658407029
6.765,107.344425784617,-126.113914048657
6.78,107.389732241588,-126.239285978094
6.795,107.43238976087,-126.363741912777
6.81,107.472371891572,-126.48724936771
6.825,107.509652124468,-126.609775647078
6.84,107.544203901565,-126.731287835665
6.855,107.576000625425,-126.851752790057
6.87,107.605015668207,-126.971137129576
6.885,107.631222380419,-127.089407226945
6.9,107.654594099344,-127.206529198613
6.915,107.675104157121,-127.322468894733
6.93,107.692725888439,-127.437191888728
6.945,107.70743263781,-127.550663466418
6.96,107.719197766381,-127.662848614652
6.975,107.727994658231,-127.773712009401
6.99,107.733796726116,-127.883218003247
7.005,107.736577416582,-127.991330612218
7.02,107.736310214405,-128.098013501907
7.035,107.73296864628,-128.20322997279
7.05,107.726526283677,-128.30694294469
7.065,107.716956744788,-128.409114940283
7.08,107.704233695473,-128.509708067571
7.095,107.6883308491,-128.608684001225
7.11,107.66922196518,-128.70600396268
7.125,107.646880846659,-128.801628698881
7.14,107.621281335755,-128.895518459542
7.155,107.592397308188,-128.987632972791
7.17,107.56020266564,-129.077931419037
7.185,107.52467132629,-129.166372402902
7.2,107.485777213215,-129.25291392304
7.215,107.44349424047,-129.337513339622
7.23,107.397796296606,-129.420127339299
7.245,107.348657225384,-129.500711897362
7.26,107.296050803413,-129.57922223687
7.275,107.239950714405,-129.655612784419
7.29,107.180330519715,-129.729837122237
7.305,107.117163624806,-129.801847936244
7.32,107.050423241228,-129.871596959672
7.335,106.980082343652,-129.939034911786
7.35,106.906113621481,-130.004111431222
7.365,106.828489424456,-130.066775003376
7.38,106.747181701658,-130.126972881219
7.395,106.662161933206,-130.184650998849
7.41,106.573401053868,-130.239753876977
7.425,106.48086936773,-130.29222451949
7.44,106.384536452937,-130.342004300083
7.455,106.284371055401,-130.389032837832
7.47,106.180340970232,-130.43324786045
7.485,106.072412909476,-130.474585053779
7.5,105.960552354561,-130.512977895865
7.515,105.8447233916,-130.548357473751
7.53,105.724888527477,-130.580652280848
7.545,105.601008484293,-130.609787992399
7.56,105.47304196941,-130.635687216223
7.575,105.340945417904,-130.658269215457
7.59,105.204672703709,-130.677449599487
7.605,105.06417481514,-130.693139978677
7.62,104.919399489772,-130.705247577722
7.635,104.770290802756,-130.713674801593
7.65,104.616788701626,-130.718318746973
7.665,104.458828479361,-130.719070650774
7.68,104.29634017593,-130.715815265773
7.695,104.129247896646,-130.708430151471
7.71,103.957469033294,-130.696784865903
7.725,103.780913371113,-130.68074004122
7.74,103.599482061072,-130.660146322171
7.755,103.413066432327,-130.63484314207
7.77,103.221546613932,-130.604657304977
7.785,103.024789927547,-130.569401335477
7.8,102.822649003324,-130.528871547885
7.815,102.614959558806,-130.482845774376
7.83,102.401537764433,-130.43108067536
7.845,102.182177097662,-130.373308533948
7.86,101.95664455875,-130.30923340761
7.875,101.724676081772,-130.238526471064
7.89,101.485970920016,-130.160820330585
7.905,101.240184708497,-130.075702014654
7.92,100.986920797378,-129.982704238642
7.935,100.725719291564,-129.881294385712
7.95,100.456042996157,-129.770860415504
7.965,100.177259108613,-129.650692561926
7.98,99.8886149366313,-129.519959134525
7.995,99.5892050125887,-129.377673856531
8.01,99.2779254520535,-129.222650699056
8.025,98.9534087354598,-129.053439598149
8.04,98.6139271688802,-128.868231711441
8.055,98.257243605433,-128.664713611309
8.07,97.8803674436115,-128.439830206303
8.085,97.479125553932,-128.189370272613
8.1,97.0473274997546,-127.9071653741
8.115,96.5748779576061,-127.583292012094
8.13,96.0422750888864,-127.198877378789
8.145,95.3920629906841,-126.69944404039
8.16,94.765814421311,-126.21056710674
8.175,94.2994508236927,-125.860514223084
8.19,93.9319615501623,-125.596828953703
8.205,93.6422495604602,-125.402093420549
8.22,93.4195379413626,-125.267760669993
8.235,93.2576042000717,-125.18913293816
8.25,93.15282369645,-125.16368180204
8.265,93.1033641900061,-125.190368692351
8.28,93.1088726010553,-125.269390612663
8.295,93.1704635421948,-125.402187366879
8.31,93.2910070973117,-125.591711918255
8.325,93.475899532093,-125.843131926589
8.34,93.7349611979477,-126.165547039843
8.355,94.0880727549894,-126.577093723206
8.37,94.594289456062,-127.13142320986
8.385,95.116553002472,-127.700865956758
8.4,95.5160196292367,-128.158203626028
8.415,95.8507251567016,-128.557630995724
8.43,96.1406385566339,-128.917775509182
8.445,96.3962240540684,-129.248363197444
8.46,96.6239745363114,-129.555398755557
8.475,96.8283187639368,-129.842953702248
8.49,97.0124684907158,-130.113961168638
8.505,97.1788557010432,-130.370626142982
8.52,97.3293822649537,-130.614659602169
8.535,97.4655732814784,-130.847422191475
8.55,97.5886766318649,-131.070017388424
8.565,97.699730490465,-131.283354584652
8.58,97.7996107477474,-131.488193320016
8.595,97.8890653056824,-131.685175209585
8.61,97.9687394931593,-131.874847554136
8.625,98.0391952973786,-132.057681165961
8.64,98.1009261801373,-132.234084070223
8.655,98.154368673259,-132.404412201985
8.67,98.1999115796733,-132.568977873459
8.685,98.2379033647004,-132.728056558764
8.7,98.2686581589907,-132.881892390391
8.715,98.2924606822124,-133.030702656128
8.73,98.3095703176821,-133.174681511273
8.745,98.3202245117537,-133.314003068098
8.76,98.3246416308729,-133.448823986291
8.775,98.3230233790809,-133.579285659894
8.79,98.3155568562974,-133.705516075311
8.805,98.3024163207619,-133.82763139911
8.82,98.2837647060872,-133.945737342329
8.835,98.2597549334143,-134.059930338684
8.85,98.2305310514138,-134.170298566892
8.865,98.1962292307979,-134.276922841684
8.88,98.1569786352031,-134.379877393588
8.895,98.1129021864741,-134.479230554045
8.91,98.0641172393058,-134.575045359579
8.925,98.0107361777216,-134.667380086405
8.94,97.9528669438485,-134.756288725063
8.955,97.8906135078033,-134.841821403076
8.97,97.8240762861484,-134.924024762446
8.985,97.7533525152616,-135.002942297717
9,97.6785365850317,-135.078614659529
9.015,97.5997203375223,-135.151079927835
9.03,97.5169933345958,-135.220373858389
9.045,97.4304430979479,-135.286530105599
9.06,97.3401553245403,-135.349580424412
9.075,97.2462140800331,-135.409554853561
9.09,97.1487019724865,-135.466481882182
9.105,97.0477003083184,-135.520388601555
9.12,96.9432892322668,-135.571300843517
9.135,96.8355478528933,-135.619243306879
9.15,96.7245543549924,-135.664239673041
9.165,96.6103861001136,-135.706312711838
9.18,96.4931197162701,-135.745484378555
9.195,96.3728311777977,-135.781775902897
9.21,96.2495958762207,-135.815207870675
9.225,96.1234886828997,-135.845800298814
9.24,95.9945840041581,-135.873572704287
9.255,95.8629558295169,-135.898544167468
9.27,95.7286777736103,-135.920733390372
9.285,95.5918231123027,-135.940158750192
9.3,95.4524648134823,-135.956838348498
9.315,95.3106755629677,-135.970790056445
9.33,95.1665277859256,-135.98203155627
9.345,95.0200936641712,-135.990580379373
9.36,94.8714451496901,-135.996453941217
9.375,94.720653974699,-135.999669573264
9.39,94.5677916585381,-136.000244552178
9.405,94.4129295116708,-135.998196126447
9.42,94.2561386370444,-135.993541540626
9.435,94.0974899290538,-135.986298057336
9.45,93.9370540703317,-135.976482977173
9.465,93.7749015265779,-135.964113656655
9.48,93.6111025396271,-135.949207524336
9.495,93.4457271189435,-135.931782095186
9.51,93.2788450317198,-135.911854983356
9.525,93.1105257917508,-135.889443913418
9.54,92.9408386472392,-135.864566730165
9.555,92.769852567687,-135.837241407066
9.57,92.5976362300148,-135.807486053443
9.585,92.4242580040471,-135.775318920454
9.6,92.2497859374928,-135.740758405937
9.615,92.0742877405436,-135.703823058189
9.63,91.8978307702081,-135.664531578737
9.645,91.7204820144941,-135.622902824157
9.66,91.5423080765431,-135.578955806987
9.675,91.363375158818,-135.5327096958
9.69,91.1837490474414,-135.48418381446
9.705,91.003495096772,-135.433397640628
9.72,90.822678214308,-135.380370803541
9.735,90.6413628459972,-135.325123081112
9.75,90.4596129620312,-135.267674396381
9.765,90.277492043198,-135.208044813356
9.78,90.0950630678607,-135.146254532269
9.795,89.9123884996292,-135.08232388428
9.81,89.7295302757853,-135.016273325652
9.825,89.5465497965217,-134.948123431428
9.84,89.3635079150485,-134.877894888622
9.855,89.1804649286214,-134.805608488952
9.87,88.9974805705397,-134.731285121133
9.885,88.8146140031633,-134.654945762737
9.9,88.6319238119916,-134.576611471647
9.915,88.4494680008493,-134.496303377105
9.93,88.2673039882185,-134.414042670363
9.945,88.085488604758,-134.329850594957
9.96,87.9040780920476,-134.243748436594
9.975,87.7231281025949,-134.155757512653
9.99,87.5426937011419,-134.065899161315
10.005,87.3628293673073,-133.974194730298
10.02,87.1835889996017,-133.880665565207
10.035,87.0050259208528,-133.785332997477
10.05,86.8271928850782,-133.688218331904
10.065,86.6501420858459,-133.589342833744
10.08,86.4739251661624,-133.488727715359
10.095,86.2985932299337,-133.386394122386
10.11,86.124196855043,-133.282363119404
10.125,85.9507861080983,-133.176655675058
10.14,85.7784105608998,-133.069292646613
10.155,85.6071193086892,-132.960294763877
10.17,85.4369609902437,-132.849682612463
10.185,85.2679838098858,-132.737476616315
10.2,85.1002355614873,-132.623697019441
10.215,84.9337636545549,-132.50836386679
10.23,84.7686151424924,-132.39149698417
10.245,84.6048367531494,-132.273115957138
10.26,84.4424749217741,-132.15324010874
10.275,84.2815758265062,-132.031888476004
10.29,84.1221854265589,-131.909079785037
10.305,83.9643495032587,-131.784832424601
10.32,83.8081137041318,-131.659164417991
10.335,83.6535235902481,-131.532093393035
10.35,83.5006246870625,-131.403636550019
10.365,83.34946253902,-131.273810627291
10.38,83.200082768227,-131.142631864303
10.395,83.0525311375294,-131.010115961772
10.41,82.9068536183824,-130.876278038659
10.425,82.7630964639448,-130.741132585557
10.44,82.6213062878935,-130.604693414088
10.455,82.4815301495128,-130.466973601813
10.47,82.343815645697,-130.327985432099
10.485,82.2082110105853,-130.187740328323
10.5,82.0747652236555,-130.046248781681
10.515,81.9435281272188,-129.903520271783
10.53,81.814550554393,-129.759563179076
10.545,81.6878844687979,-129.614384687989
10.56,81.5635831173998,-129.467990679552
10.575,81.4417011981556,-129.320385611975
10.59,81.3222950443715,-129.171572387499
10.605,81.2054228279975,-129.021552203487
10.62,81.0911447844536,-128.870324385398
10.635,80.979523462026,-128.71788619887
10.65,80.8706239994031,-128.564232637615
10.665,80.7645144355682,-128.409356183211
10.68,80.6612660570479,-128.253246532154
10.695,80.560953788473,-128.095890284544
10.71,80.4636566335836,-127.937270587689
10.725,80.3694581752679,-127.77736672646
10.74,80.2784471450348,-127.616153650418
10.755,80.1907180745933,-127.453601425535
10.77,80.1063720450869,-127.28967459541
10.785,80.0255175531901,-127.124331433241
10.8,79.948271517983,-126.957523061078
10.815,79.87476045863,-126.789192406671
10.83,79.805121880901,-126.619272960113
10.845,79.7395059211984,-126.447687281606
10.86,79.6780773110191,-126.274345197058
10.875,79.6210177441799,-126.099141598267
10.89,79.5685287559185,-125.921953736744
10.905,79.5208352605441,-125.742637861353
10.92,79.4781899479459,-125.56102499413
10.935,79.4408788173907,-125.376915557294
10.95,79.4092282433795,-125.190072442913
10.965,79.3836141460283,-125.000211930817
10.98,79.3644741177106,-124.806991567812
10.995,79.3523238113764,-124.60999364574
11.01,79.3477796617402,-124.40870211323
11.025,79.3515913629409,-124.202469339133
11.04,79.3646900475128,-123.990466507689
11.055,79.3882631328794,-123.771606182266
11.07,79.4238776649397,-123.544414263626
11.085,79.4737001495536,-123.306801432202
11.1,79.5409336275791,-123.055609029279
11.115,79.6308480703147,-122.785542818988
11.13,79.753783890886,-122.486065737675
11.145,79.9576916515524,-122.108803485336
11.16,80.1012060959462,-121.789787897215
11.175,80.1845058230536,-121.532282298778
11.19,80.2285192339174,-121.317339854936
11.205,80.2413697291714,-121.137510371472
11.22,80.2271632411066,-120.988813361135
11.235,80.1880915212689,-120.868846814103
11.25,80.1251842096812,-120.776115773097
11.265,80.0386181522416,-120.709751830064
11.28,79.9278220416309,-120.669407548893
11.295,79.7914413840519,-120.655265159607
11.31,79.6271472574373,-120.668169548494
11.325,79.4311709991197,-120.709981067598
11.34,79.197158325179,-120.78449073579
11.355,78.9128185101433,-120.900189601845
11.37,78.5258756550054,-121.101198023097
11.385,78.1724482071008,-121.249792630016
11.4,77.8588727452705,-121.347311819855
11.415,77.5670395312169,-121.414508270243
11.43,77.2900192380414,-121.459871295506
11.445,77.0241440563169,-121.488144507825
11.46,76.7671532934232,-121.502390182215
11.475,76.5175255063212,-121.504757712041
11.49,76.2741758146795,-121.496841739618
11.505,76.0362982756387,-121.479873305817
11.52,75.8032755925116,-121.454831781713
11.535,75.5746236565442,-121.422514998914
11.55,75.3499556138072,-121.383585520152
11.565,75.1289575769011,-121.338602440687
11.58,74.9113716339733,-121.288043981795
11.595,74.6969836194404,-121.232323989322
11.61,74.485614098409,-121.171804263615
11.625,74.2771115828579,-121.106803958201
11.64,74.0713473361021,-121.037606867814
11.655,73.8682113318815,-120.964467164986
11.67,73.6676090685945,-120.887613975516
11.685,73.469459027384,-120.807255070959
11.7,73.2736906221415,-120.723579880072
11.715,73.0802425303122,-120.636761968225
11.73,72.8890613219903,-120.546961096407
11.745,72.7001003251867,-120.454324944558
11.76,72.5133186799225,-120.358990564334
11.775,72.3286805446399,-120.261085611877
11.79,72.1461544264931,-120.160729400289
11.805,71.9657126131496,-120.058033803267
11.82,71.7873306883526,-119.953104034994
11.835,71.6109871170448,-119.846039326558
11.85,71.4366628886069,-119.736933515277
11.865,71.2643412089184,-119.625875560368
11.88,71.0940072336465,-119.51294999598
11.895,70.9256478365215,-119.398237330697
11.91,70.759251407433,-119.281814401118
11.925,70.5948076760555,-119.163754685847
11.94,70.4323075574145,-119.04412858522
11.955,70.2717430163805,-118.923003671281
11.97,70.1131069485491,-118.800444911822
11.985,69.9563930753536,-118.676514871729
12,69.801595851579,-118.551273894432
12.015,69.6487103837119,-118.424780265829
12.03,69.4977323577873,-118.297090362752
12.045,69.348657975578,-118.168258787745
12.06,69.2014838981329,-118.0383384917
12.075,69.0562071958026,-117.907380885691
12.09,68.9128253040043,-117.775435943174
12.105,68.7713359840772,-117.642552293578
12.12,68.6317372886589,-117.50877730819
12.135,68.4940275310854,-117.374157179116
12.15,68.3582052583818,-117.238736992026
12.165,68.2242692274567,-117.102560793286
12.18,68.0922183841657,-116.965671652039
12.195,67.9620518449445,-116.828111717709
12.21,67.8337688807496,-116.689922273368
12.225,67.7073689030713,-116.55114378534
12.24,67.5828514518135,-116.411815949407
12.255,67.4602161848561,-116.271977733901
12.27,67.3394628691355,-116.131667419984
12.285,67.2205913730988,-115.990922639343
12.3,67.1036016603998,-115.849780409547
12.315,66.9884937847236,-115.708277167248
12.33,66.875267885633,-115.566448799425
12.345,66.763924185347,-115.42433067283
12.36,66.6544629863671,-115.281957661793
12.375,66.5468846698781,-115.139364174511
12.39,66.4411896948578,-114.996584177966
12.405,66.3373785978362,-114.85365122157
12.42,66.2354519932518,-114.710598459647
12.435,66.1354105743586,-114.567458672853
12.45,66.0372551146425,-114.424264288615
12.465,65.9409864697098,-114.281047400673
12.48,65.846605579615,-114.137839787805
12.495,65.7541134716013,-113.994672931795
12.51,65.6635112632269,-113.85157803472
12.525,65.5748001658556,-113.708586035604
12.54,65.4879814884956,-113.565727626505
12.555,65.4030566419673,-113.423033268081
12.57,65.3200271433904,-113.280533204686
12.585,65.2388946209774,-113.138257479049
12.6,65.1596608191267,-112.996235946564
12.615,65.0823276038088,-112.854498289248
12.63,65.0068969682423,-112.713074029403
12.645,64.9333710388569,-112.571992543011
12.66,64.8617520815447,-112.431283072911
12.675,64.792042508201,-112.290974741785
12.69,64.7242448835593,-112.151096564987
12.705,64.658361932326,-112.011677463256
12.72,64.5943965466215,-111.872746275335
12.735,64.5323517937391,-111.734331770539
12.75,64.4722309242313,-111.596462661293
12.765,64.4140373803378,-111.459167615677
12.78,64.3577748047693,-111.322475270017
12.795,64.3034470498661,-111.186414241539
12.81,64.2510581871479,-111.05101314113
12.825,64.2006125172794,-110.916300586233
12.84,64.1521145804726,-110.782305213915
12.855,64.1055691673537,-110.649055694138
12.87,64.060981330322,-110.516580743267
12.885,64.0183563954329,-110.384909137866
12.9,63.9776999748378,-110.254069728794
12.915,63.9390179798199,-110.124091455675
12.93,63.9023166344649,-109.995003361752
12.945,63.8676024900107,-109.866834609195
12.96,63.8348824399253,-109.739614494893
12.975,63.8041637357625,-109.613372466795
12.99,63.7754540038545,-109.488138140832
13.005,63.748761262901,-109.363941318505
13.02,63.7240939425224,-109.240812005172
13.035,63.7014609028492,-109.118780429117
13.05,63.6808714552273,-108.997877061464
13.065,63.6623353841247,-108.878132637012
13.08,63.6458629703333,-108.759578176071
13.095,63.6314650155692,-108.64224500739
13.11,63.619152868581,-108.526164792261
13.125,63.6089384528901,-108.41136954992
13.14,63.6008342962957,-108.297891684339
13.155,63.5948535622893,-108.18576401254
13.17,63.5910100835413,-108.075019794559
13.185,63.5893183976323,-107.965692765209
13.2,63.5897937852248,-107.857817167793
13.215,63.592452310886,-107.751427789951
13.23,63.5973108667952,-107.646560001818
13.245,63.604387219596,-107.543249796714
13.26,63.6137000606756,-107.441533834593
13.275,63.6252690601886,-107.341449488495
13.29,63.6391149251738,-107.2430348943
13.305,63.6552594621522,-107.146329004081
13.32,63.6737256446377,-107.051371643406
13.335,63.6945376860408,-106.958203572972
13.35,63.7177211185005,-106.866866554995
13.365,63.743302878245,-106.777403424839
13.38,63.7713113981511,-106.689858168404
13.395,63.8017767082556,-106.604276005883
13.41,63.8347305450651,-106.520703482542
13.425,63.8702064706197,-106.439188567287
13.44,63.9082400023862,-106.359780759853
13.455,63.9488687552032,-106.282531207588
13.47,63.9921325966612,-106.207492832901
13.485,64.0380738174925,-106.134720472613
13.5,64.0867373187697,-106.064271030616
13.515,64.1381708179641,-105.996203645433
13.53,64.1924250762237,-105.930579874511
13.545,64.249554149581,-105.867463897363
13.56,64.3096156672178,-105.80692273997
13.575,64.3726711404102,-105.749026523242
13.59,64.4387863063614,-105.693848738799
13.605,64.5080315118246,-105.641466555837
13.62,64.5804821422583,-105.591961163499
13.635,64.6562191032552,-105.545418153929
13.65,64.7353293621992,-105.501927952102
13.665,64.8179065595763,-105.461586299639
13.68,64.9040517011604,-105.424494801178
13.695,64.993873944495,-105.390761543539
13.71,65.0874914958138,-105.360501799954
13.725,65.1850326369197,-105.333838834202
13.74,65.2866369057646,-105.310904822656
13.755,65.3924564597953,-105.291841916245
13.77,65.5026576578854,-105.276803469407
13.785,65.6174229053179,-105.265955469601
13.8,65.7369528174481,-105.259478209286
13.815,65.8614687722289,-105.257568253169
13.83,65.9912159409565,-105.26044076785
13.845,66.1264669121279,-105.268332300052
13.86,66.2675260577437,-105.281504115283
13.875,66.4147348384536,-105.300246243841
13.89,66.5684783092063,-105.324882429668
13.905,66.7291931790651,-105.355776245916
13.92,66.897377910857,-105.393338739234
13.935,67.073605539605,-105.438038108318
13.95,67.2585401781166,-105.490412137102
13.965,67.4529586227125,-105.551084432921
13.98,67.6577791752602,-105.620786041687
13.995,67.8741009478236,-105.700384865394
14.01,68.1032588726467,-105.790926758831
14.025,68.3469031259751,-105.893694769477
14.04,68.6071182410383,-106.010297860519
14.055,68.8866104331356,-106.142810300469
14.07,69.1890207936603,-106.294004570201
14.085,69.5194937362879,-106.467774045122
14.1,69.885835883705,-106.669995160089
14.115,70.3013663074062,-106.910651200724
14.13,70.7936394174398,-107.210329948457
14.145,71.5629958530088,-107.719398807213
14.16,72.0529669199243,-108.016119111621
14.175,72.4221384287374,-108.222695036878
14.19,72.7058280381177,-108.366394797352
14.205,72.9183044193325,-108.458218860458
14.22,73.0671758773413,-108.503950668486
14.235,73.1567752503783,-108.506773660042
14.25,73.18943134649,-108.468255484175
14.265,73.1659944168316,-108.388752725752
14.28,73.0859994567383,-108.267531825314
14.295,72.947563558049,-108.102679485193
14.31,72.7469566449791,-107.890753449518
14.325,72.4775483181153,-107.625939253983
14.34,72.1270635404114,-107.297878757955
14.355,71.6690432554993,-106.884959825097
14.37,70.9058738770451,-106.233892413448
14.385,70.3915562027212,-105.762880812663
14.4,69.9665122926549,-105.354634156772
14.415,69.5947245548778,-104.98304081136
14.43,69.2611231680006,-104.637369035965
14.445,68.9571221983326,-104.311579051844
14.46,68.677161046234,-104.001800466869
14.475,68.4173463441409,-103.705349141937
14.49,68.1748053188569,-103.420262282083
14.505,67.9473363848119,-103.14504872236
14.52,67.7332030659503,-102.878542426523
14.535,67.5310043325288,-102.619810745917
14.55,67.3395888493697,-102.368094007113
14.565,67.157995971409,-102.122764105432
14.58,66.9854138098686,-101.883295183425
14.595,66.8211486182003,-101.64924229562
14.61,66.6646019282007,-101.420225523811
14.625,66.5152531382751,-101.195917915389
14.64,66.3726460277293,-100.976036167001
14.655,66.236378156048,-100.760333320336
14.67,66.106092420227,-100.54859295935
14.685,65.9814702520161,-100.340624545788
14.7,65.8622260789515,-100.136259629991
14.715,65.7481027716765,-99.935348743352
14.73,65.6388678697856,-99.7377588277397
14.745,65.5343104285702,-99.5433710923393
14.76,65.4342383656423,-99.352079213956
14.775,65.3384762134847,-99.1637878157168
14.79,65.2468632042572,-98.9784111732457
14.805,65.159251628556,-98.7958721080719
14.82,65.075505421589,-98.6161010362047
14.835,64.9954989393251,-98.439035146118
14.85,64.9191158942729,-98.2646176852972
14.865,64.846248426127,-98.092797338365
14.88,64.7767962869452,-97.9235276828579
14.895,64.7106661240557,-97.7567667111599
14.91,64.6477708467336,-97.5924764090609
14.925,64.58802906499,-97.4306223829877
14.94,64.5313645906836,-97.2711735292386
14.955,64.4777059927042,-97.114101739611
14.97,64.4269861992347,-96.9593816386697
14.985,64.379142141145,-96.8069903486222
15,64.3341144314374,-96.6569072783593
15.015,64.2918470763912,-96.509113933715
15.03,64.2522872146572,-96.3635937464133
15.045,64.2153848810698,-96.2203319195197
15.06,64.181092792374,-96.0793152875098
15.075,64.1493661524346,-95.9405321893161
15.09,64.1201624748037,-95.8039723529281
15.105,64.0934414207973,-95.6696267903009
15.12,64.0691646514514,-95.5374877014855
15.135,64.0472956919351,-95.4075483870233
15.15,64.0277998071603,-95.279803167768
15.165,64.010643887481,-95.154247311392
15.18,63.9957963434975,-95.0308769649258
15.195,63.9832270090967,-94.9096890927493
15.21,63.9729070519535,-94.7906814195236
15.225,63.9648088908039,-94.6738523776053
15.24,63.9589061188751,-94.5592010585379
15.255,63.9551734329225,-94.4467271682574
15.27,63.9535865673817,-94.3364309856888
15.285,63.954122233192,-94.2283133244431
15.3,63.9567580608975,-94.1223754973558
15.315,63.9614725476647,-94.0186192836345
15.33,63.9682450078981,-93.9170468984044
15.345,63.9770555271605,-93.8176609644664
15.36,63.9878849191356,-93.7204644860962
15.375,64.0007146853968,-93.6254608247333
15.39,64.0155269777634,-93.5326536764213
15.405,64.0323045630512,-93.4420470508761
15.42,64.0510307900385,-93.3536452520702
15.435,64.0716895584857,-93.2674528602315
15.45,64.0942652900619,-93.1834747151657
15.465,64.1187429010432,-93.1017159008202
15.48,64.1451077766622,-93.0221817310146
15.495,64.1733457469954,-92.9448777362723
15.51,64.2034430642871,-92.8698096516916
15.525,64.2353863816168,-92.7969834058027
15.54,64.269162732825,-92.7264051103628
15.555,64.3047595136185,-92.6580810510449
15.57,64.3421644637858,-92.5920176789831
15.585,64.3813656504552,-92.5282216031391
15.6,64.4223514523379,-92.4666995834599
15.615,64.4651105449008,-92.4074585248023
15.63,64.5096318864184,-92.3505054715982
15.645,64.5559047048603,-92.2958476032452
15.66,64.5773397363939,-92.2663059846355
15.675,64.5993860250028,-92.2375441784878
15.69,64.622040536354,-92.2095639621087
15.705,64.6453002813578,-92.1823671378466
15.72,64.6691623142095,-92.1559555323342
15.735,64.6936237305391,-92.1303309958345
15.75,64.718681665665,-92.1054954016866
